{
    "StandardScaler": {
        "mean": [
            14.166076923076924,
            19.417692307692306,
            92.21586813186812,
            659.5782417582418,
            0.09599294505494504,
            0.10383485714285715,
            0.08918428285714286,
            0.0490145978021978,
            0.18149714285714286,
            0.06271481318681318,
            0.4111872527472527,
            1.217881978021978,
            2.9115687912087918,
            41.27910329670329,
            0.006895252747252748,
            0.025323432967032967,
            0.03201755076923077,
            0.011690617582417583,
            0.0204266989010989,
            0.003766038021978022,
            16.351514285714288,
            25.90487912087912,
            107.86048351648353,
            890.5692307692308,
            0.13208303296703297,
            0.25552947252747255,
            0.27516636703296704,
            0.11549070549450549,
            0.2913637362637363,
            0.0841236923076923
        ],
        "scale": [
            3.575145842966192,
            4.285935362007162,
            24.6899414867669,
            360.0224032546589,
            0.014293957445666316,
            0.05385095918959042,
            0.08160817457896849,
            0.03964233748792279,
            0.02761585252202172,
            0.006962934577614083,
            0.2898637344353451,
            0.5517048705229317,
            2.120784564278267,
            48.33097570059751,
            0.002851470755239646,
            0.017604664703992863,
            0.03169439851379008,
            0.0062823507239402,
            0.008301452158911843,
            0.0026291028502456334,
            4.895648476314663,
            6.072847254508961,
            34.13844252141843,
            581.7058880535004,
            0.023455373508121897,
            0.15822586358561638,
            0.21183314368274303,
            0.06677035672401135,
            0.06297407475727483,
            0.018148675899809178
        ]
    },
    "LogisticRegression": {
        "coef": [
            [
                0.3611500684491326,
                0.48221940329617946,
                0.35315986626691215,
                0.4399502819885038,
                0.3506215582917167,
                -0.4395461480874431,
                0.7822983533225193,
                0.9528128318119818,
                -0.16399086837706667,
                -0.08086512047777406,
                1.2333251663808185,
                -0.40761125826206407,
                0.7482947115713598,
                0.9090290582882168,
                0.24799098171630238,
                -0.9069248024192615,
                -0.09234069448239474,
                0.4820890785923528,
                -0.3306577340565418,
                -0.5938763200364316,
                0.8969678339058803,
                1.4340931710338392,
                0.7231114802873416,
                0.9004766112545065,
                0.42020675465700447,
                -0.1734875080449926,
                0.9114058021854968,
                0.7039988067031879,
                1.0612636621709464,
                0.05486987894732344
            ]
        ],
        "intercept": [
            -0.2430053269056021
        ],
        "classes": [
            0,
            1
        ]
    }
}